INSERT INTO student VALUES (051135593,'Maria White','English','SR',21);
INSERT INTO student VALUES (060839453,'Charles Harris','Architecture','SR',22);
INSERT INTO student VALUES (099354543,'Susan Martin','Law','JR',20);
INSERT INTO student VALUES (112348546,'Joseph Thompson','Computer Science','SO',19);
INSERT INTO student VALUES (115987938,'Christopher Garcia','Computer Science','JR',20);
INSERT INTO student VALUES (132977562,'Angela Martinez','History','SR',20);
INSERT INTO student VALUES (269734834,'Thomas Robinson','Psychology','SO',18);
INSERT INTO student VALUES (280158572,'Margaret Clark','Animal Science','FR',18);
INSERT INTO student VALUES (301221823,'Juan Rodriguez','Psychology','JR',20);
INSERT INTO student VALUES (318548912,'Dorthy Lewis','Finance','FR',18);
INSERT INTO student VALUES (320874981,'Daniel Lee','Electrical Engineering','FR',17);
INSERT INTO student VALUES (322654189,'Lisa Walker','Computer Science','SO',17);
INSERT INTO student VALUES (348121549,'Paul Hall','Computer Science','JR',18);
INSERT INTO student VALUES (351565322,'Nancy Allen','Accounting','JR',19);
INSERT INTO student VALUES (451519864,'Mark Young','Finance','FR',18);
INSERT INTO student VALUES (455798411,'Luis Hernandez','Electrical Engineering','FR',17);
INSERT INTO student VALUES (462156489,'Donald King','Mechanical Engineering','SO',19);
INSERT INTO student VALUES (550156548,'George Wright','Education','SR',21);
INSERT INTO student VALUES (552455318,'Ana Lopez','Computer Engineering','SR',19);
INSERT INTO student VALUES (556784565,'Kenneth Hill','Civil Engineering','SR',21);
INSERT INTO student VALUES (567354612,'Karen Scott','Computer Engineering','FR',18);
INSERT INTO student VALUES (573284895,'Steven Green','Kinesiology','SO',19);
INSERT INTO student VALUES (574489456,'Betty Adams','Economics','JR',20);
INSERT INTO student VALUES (578875478,'Edward Baker','Veterinary Medicine','SR',21);




INSERT INTO department VALUES (142519864,'Ivana Teach',20);
INSERT INTO department VALUES (242518965,'James Smith',68);
INSERT INTO department VALUES (254099823,'Patricia Jones',68);
INSERT INTO department VALUES (489456522,'Linda Davis',20);
INSERT INTO department VALUES (287321212,'Michael Miller',12);
INSERT INTO department VALUES (248965255,'Barbara Wilson',12);
INSERT INTO department VALUES (090873519,'Elizabeth Taylor',11);
INSERT INTO department VALUES (489221823,'Richard Jackson',33);
INSERT INTO department VALUES (548977562,'Ulysses Teach',20);



INSERT INTO class VALUES ('Data Structures','MWF 10','R128',489456522);
INSERT INTO class VALUES ('Database Systems','MWF 12:30-1:45','1320 DCL',142519864);
INSERT INTO class VALUES ('Operating System Design','TuTh 12-1:20','20 AVW',489456522);
INSERT INTO class VALUES ('Archaeology of the Incas','MWF 3-4:15','R128',248965255);
INSERT INTO class VALUES ('Aviation Accident Investigation','TuTh 1-2:50','Q3',011564812);
INSERT INTO class VALUES ('Air Quality Engineering','TuTh 10:30-11:45','R15',011564812);
INSERT INTO class VALUES ('Introductory Latin','MWF 3-4:15','R12',248965255);
INSERT INTO class VALUES ('American Political Parties','TuTh 2-3:15','20 AVW',619023588);
INSERT INTO class VALUES ('Social Cognition','Tu 6:30-8:40','R15',159542516);
INSERT INTO class VALUES ('Perception','MTuWTh 3','Q3',489221823);
INSERT INTO class VALUES ('Multivariate Analysis','TuTh 2-3:15','R15',090873519);
INSERT INTO class VALUES ('Patent Law','F 1-2:50','R128',090873519);
INSERT INTO class VALUES ('Urban Economics','MWF 11','20 AVW',489221823);
INSERT INTO class VALUES ('Organic Chemistry','TuTh 12:30-1:45','R12',489221823);
INSERT INTO class VALUES ('Marketing Research','MW 10-11:15','1320 DCL',489221823);
INSERT INTO class VALUES ('Seminar in American Art','M 4','R15',489221823);
INSERT INTO class VALUES ('Orbital Mechanics','MWF 8','1320 DCL',011564812);
INSERT INTO class VALUES ('Dairy Herd Management','TuTh 12:30-1:45','R128',356187925);
INSERT INTO class VALUES ('Communication Networks','MW 9:30-10:45','20 AVW',141582651);
INSERT INTO class VALUES ('Optical Electronics','TuTh 12:30-1:45','R15',254099823);
INSERT INTO class VALUES ('Intoduction to Math','TuTh 8-9:30','R128',489221823);


INSERT INTO course VALUES (112348546,'Database Systems'),
(115987938,'Database Systems'),
(348121549,'Database Systems'),
(322654189,'Database Systems'),
(552455318,'Database Systems'),
(455798411,'Operating System Design'),
(552455318,'Operating System Design'),
(567354612,'Operating System Design'),
(112348546,'Operating System Design'),
(115987938,'Operating System Design'),
(322654189,'Operating System Design'),
(567354612,'Data Structures'),
(552455318,'Communication Networks'),
(455798411,'Optical Electronics'),
(301221823,'Perception'),
(301221823,'Social Cognition'),
(301221823,'American Political Parties'),
(556784565,'Air Quality Engineering'),
(099354543,'Patent Law'),
(574489456,'Urban Economics');



 INSERT INTO provider VALUES (1,'Acme Widget Suppliers','1 Grub St., Potemkin Village, IL 61801'),
 (2,'Big Red Tool and Die','4 My Way, Bermuda Shorts, OR 90305'),
 (3,'Perfunctory Parts','99999 Short Pier, Terra Del Fuego, TX 41299'),
 (4,'Alien Aircaft Inc.','2 Groom Lake, Rachel, NV 51902');



 INSERT INTO goodies VALUES (1,'Left Handed Bacon Stretcher Cover','Red'),
 (2,'Smoke Shifter End','Black'),
 (3,'Acme Widget Washer','Red'),
 (4,'Acme Widget Washer','Silver'),
 (5,'I Brake for Crop Circles Sticker','Translucent'),
 (6,'Anti-Gravity Turbine Generator','Cyan'),
 (7,'Anti-Gravity Turbine Generator','Magenta'),
 (8,'Fire Hydrant Cap','Red'),
 (9,'7 Segment Display','Green');



INSERT INTO stock VALUES (1,3,0.50),
(1,4,0.50),
(1,8,11.70),
(2,3,0.55),
(2,8,7.95),
(2,1,16.50),
(3,8,12.50),
(3,9,1.00),
(4,5,2.20),
(4,6,1247548.23),
(4,7,1247548.23);